ID	Type	SKU	Name	Published	Is featured?	Visibility in catalog	Short description	Description	Date sale price starts	Date sale price ends	Tax status	Tax class	In stock?	Stock	Backorders allowed?	Sold individually?	Weight (g)	Length (cm)	Width (cm)	Height (cm)	Allow customer reviews?	Purchase note	Sale price	Regular price	Categories	Tags	Shipping class	Images	Download limit	Download expiry days	Parent	Grouped products	Upsells	Cross-sells	External URL	Button text	Position	Meta: _wp_desired_post_slug	Meta: _customize_changeset_uuid
397	simple		Mi?ng Lót S? Sinh Bobby Fresh Newborn 2 - 60 (60 Mi?ng)	1	0	visible					taxable		1		0	0					1			99000	Tã/B?m			https://vcdn.tikicdn.com/cache/w1200/ts/product/96/43/37/822fca4e20e41ea98bf03b809ddf0fde.jpg									0		51793b80-e658-4ad6-a61a-bf96ed3a772a
398	simple		Tã Qu?n Goo.n Slim Gói ??i XXL20 (20 Mi?ng)	1	0	visible					taxable		1		0	0					1			149000	Tã/B?m			https://vcdn.tikicdn.com/cache/w1200/ts/product/31/92/58/fa40d968b4e5680a3318572e54a8fd9a.jpg									0		51793b80-e658-4ad6-a61a-bf96ed3a772a
399	simple		Combo 3 Tã Qu?n Goo.n Friend Gói C?c ??i XL42 (42 Mi?ng)	1	0	visible					taxable		1		0	0					1			579000	Tã/B?m			https://vcdn.tikicdn.com/cache/w1200/ts/product/99/01/ee/8366cccb0fd915b13740fbcff39a8333.jpg									0		51793b80-e658-4ad6-a61a-bf96ed3a772a
400	simple		Tã Qu?n Goo.n Friend Gói C?c ??i XXL34 (34 Mi?ng)	1	1	visible					taxable		1		0	0					1			199000	Tã/B?m			https://vcdn.tikicdn.com/cache/w1200/ts/product/7d/62/b0/1e9c18264c8d5a328a624e566967b2f2.jpg									0		51793b80-e658-4ad6-a61a-bf96ed3a772a
401	simple		Combo 3 Gói Tã Qu?n Goo.n Slim Gói C?c ??i L48 (48 Mi?ng)	1	0	visible					taxable		1		0	0					1			874000	Tã/B?m			https://vcdn.tikicdn.com/cache/w1200/ts/product/fa/18/f6/1b6af68c79733bbebb93e8f91ad0dc53.jpg									0		51793b80-e658-4ad6-a61a-bf96ed3a772a
402	simple		Mi?ng Lót S? Sinh Huggies Dry Newborn 1 - 100 (100 Mi?ng) - T?ng Kèm 12 Mi?ng	1	1	visible					taxable		1		0	0					1			119000	Tã/B?m			https://vcdn.tikicdn.com/cache/w1200/ts/product/57/c8/7c/49a58f742115789ff7e9b46534dd24b2.jpg									0		51793b80-e658-4ad6-a61a-bf96ed3a772a
403	simple		Combo 3 Gói Tã Qu?n Huggies Dry Gói C?c ??i L68 (68 Mi?ng) - Bao Bì M?i	1	1	visible					taxable		1		0	0					1			839000	Tã/B?m			https://vcdn.tikicdn.com/cache/w1200/media/catalog/product/1/_/1.u5505.d20170826.t021625.528038.jpg									0		51793b80-e658-4ad6-a61a-bf96ed3a772a
404	simple		Tã Qu?n Huggies Dry Gói C?c ??i L68 (68 Mi?ng) - Bao Bì M?i	1	1	visible					taxable		1		0	0					1			279000	Tã/B?m			https://vcdn.tikicdn.com/cache/w1200/ts/product/22/fd/9e/37f0e2c2556d4ec5788756bb0e412395.jpg									0		51793b80-e658-4ad6-a61a-bf96ed3a772a
405	simple		Combo 3 Gói Tã Qu?n Huggies Dry Gói C?c ??i XXL56 (56 Mi?ng) - Bao Bì M?i	1	0	visible					taxable		1		0	0					1			836000	Tã/B?m			https://vcdn.tikicdn.com/cache/w1200/ts/product/b6/5e/79/3f3c36df27c5731d719149bc5d0e5923.jpg									0		51793b80-e658-4ad6-a61a-bf96ed3a772a
406	simple		Tã Dán Moony Gói ??i M64 (64 Mi?ng)	1	0	visible					taxable		1		0	0					1			359000	Tã/B?m			https://vcdn.tikicdn.com/cache/w1200/ts/product/fb/b8/5e/be7511ec2e39833f37b8032ad8e593b8.jpg									0		51793b80-e658-4ad6-a61a-bf96ed3a772a
407	simple		Tã Qu?n Moony Bé Trai Gói ??i XL (38 Mi?ng)	1	0	visible					taxable		1		0	0					1			359000	Tã/B?m			https://vcdn.tikicdn.com/cache/w1200/ts/product/86/24/41/83a68d458f929cf0612b61526d9174da.jpg									0		51793b80-e658-4ad6-a61a-bf96ed3a772a
408	simple		Tã Qu?n Moony Bé Gái Gói ??i L(44 Mi?ng)	1	0	visible					taxable		1		0	0					1			359000	Tã/B?m			https://vcdn.tikicdn.com/cache/w1200/ts/product/c3/4a/f0/c51b385b785cd92eab93e751b8192db4.jpg									0		51793b80-e658-4ad6-a61a-bf96ed3a772a
409	simple		Tã Dán Moony Gói ??i M64 (64 Mi?ng)	1	0	visible					taxable		1		0	0					1			359000	Tã/B?m			https://vcdn.tikicdn.com/cache/w1200/ts/product/fb/b8/5e/be7511ec2e39833f37b8032ad8e593b8.jpg									0		
410	simple		Tã V?i Dorabe Bo Th?i Trang MBKHIHONG Size M (3-16kg) - Kh? H?ng	1	0	visible					taxable		1		0	0					1			112000	Tã/B?m			https://vcdn.tikicdn.com/cache/w1200/media/catalog/product/m/b/mbkhihong.u2566.d20170404.t153918.702119.jpg									0		
411	simple		Tã V?i Dorabe Ban Ngày Size M - Gà M?	1	0	visible					taxable		1		0	0					1			130000	Tã/B?m			https://vcdn.tikicdn.com/cache/w1200/media/catalog/product/1/_/1.u5697.d20170921.t151749.364514.jpg									0		
412	simple		Tã V?i Dorabe Ban Ngày Size M - Gà Ô	1	0	visible					taxable		1		0	0					1			130000	Tã/B?m			https://vcdn.tikicdn.com/cache/w1200/media/catalog/product/1/_/1.u5697.d20170921.t151939.399606.jpg									0		
413	simple		Tã V?i Dorabe Ban ?êm LDJEAN Size L (12-24kg) - Jean	1	0	visible					taxable		1		0	0					1			120000	Tã/B?m			https://vcdn.tikicdn.com/cache/w1200/media/catalog/product/l/d/ldjean.u2566.d20170404.t151031.295716.jpg									0		
414	simple		Combo 4 Tã Qu?n UniDry Gói C?c ??i L54 (54 Mi?ng)	1	0	visible					taxable		1		0	0					1			795000	Tã/B?m			https://vcdn.tikicdn.com/cache/w1200/ts/product/79/e6/7e/994117d1d9be51f6e5ab316e882ad8cf.jpg									0		
415	simple		Combo 4 Tã Dán UniDry Super Gói ??i M42 (42 Mi?ng)	1	0	visible					taxable		1		0	0					1			469000	Tã/B?m			https://vcdn.tikicdn.com/cache/w1200/media/catalog/product/c/b/cb4_unidry%20m42_0.u2442.d20160803.t103634.818095.jpg									0		
416	simple		Tã Dán S? Sinh UniDry NB36 (36 Mi?ng)	1	0	visible					taxable		1		0	0					1			79000	Tã/B?m			https://vcdn.tikicdn.com/cache/w1200/ts/product/a9/66/f4/52c806600f088178e2a32a1be7795d4b.jpg									0		
417	simple		Combo 4 Tã Qu?n UniDry Gói C?c ??i XXL30 (30 Mi?ng / Gói)	1	0	visible					taxable		1		0	0					1			899000	Tã/B?m			https://vcdn.tikicdn.com/cache/w1200/ts/product/47/a7/bd/81fe5be8a289382c0c7be5b17d730564.jpg									0		
418	simple		Tã Qu?n UniDry Gói C?c ??i L54 (54 Mi?ng)	1	0	visible					taxable		1		0	0					1			218000	Tã/B?m			https://vcdn.tikicdn.com/cache/w1200/ts/product/e1/ae/62/90ca658951624d63500f8366c857b2ff.jpg									0		
419	simple		Tã Qu?n Goo.n Friend Gói ??i M27 (27 Mi?ng)	1	0	visible					taxable		1		0	0					1			99000	Tã/B?m			https://vcdn.tikicdn.com/cache/w1200/ts/product/1a/51/fe/1c984490875eca9e8a6841448d5b5bd2.jpg									0		
420	simple		Tã Qu?n JO Gói C?c ??i L36 (36 Mi?ng)	1	0	visible					taxable		1		0	0					1			195000	Tã/B?m			https://vcdn.tikicdn.com/cache/w1200/ts/product/a6/05/45/53e6bd0a8e91b86f39d6e3418ff53427.jpg									0		
421	simple		Mi?ng Lót JO Newborn 1 (56 Mi?ng)	1	0	visible					taxable		1		0	0					1			98000	Tã/B?m			https://vcdn.tikicdn.com/cache/w1200/ts/product/fe/1a/c0/e963de2a806bb3720ac036e3f837dde4.jpg									0		
422	simple		Tã Qu?n Jo XL56 (56 mi?ng)	1	0	visible					taxable		1		0	0					1			340000	Tã/B?m			https://vcdn.tikicdn.com/cache/w1200/ts/product/7a/af/e6/44b191118c2e0ade78917df04e7f36da.jpg									0		
423	simple		Tã Qu?n Jo XXL48 (48 mi?ng)	1	0	visible					taxable		1		0	0					1			340000	Tã/B?m			https://vcdn.tikicdn.com/cache/w1200/ts/product/3b/70/54/f01903a8ae096c9d204f76b84f8f22f6.jpg									0		
424	simple		Tã Dán S? Sinh Bông Hello B&B SS0510 (Giao M?u Ng?u Nhiên)	1	0	visible					taxable		1		0	0					1			85000	Tã/B?m			https://vcdn.tikicdn.com/cache/w1200/ts/product/83/5a/2d/90fd3a89f341c9c14f02fe1c5b29e09a.jpg									0		
425	simple		Tã Qu?n Babylove Nightpants XL38 - Gói 38 Mi?ng	1	0	visible					taxable		1		0	0					1			365000	Tã/B?m			https://vcdn.tikicdn.com/cache/w1200/media/catalog/product/1/_/1.u5430.d20170916.t070916.934094.jpg									0		
426	simple		Tã Qu?n BabyLove Nano Plus (PlayPants) L54 - Gói 54 Mi?ng	1	0	visible					taxable		1		0	0					1			355000	Tã/B?m			https://vcdn.tikicdn.com/cache/w1200/ts/product/2b/4c/ff/262fa9a3cf198d6a0f2ebf9a67e1e831.jpg									0		
427	simple		Tã Dán Certainty L10 (Gói 10 Mi?ng)	1	0	visible					taxable		1		0	0					1			155000	Tã/B?m			https://vcdn.tikicdn.com/cache/w1200/ts/product/72/8c/af/8a3899040c81bcc74420185113a8ca54.jpg									0		
428	simple		Tã Dán Babylove Easytape L36 - Gói 36 Mi?ng	1	0	visible					taxable		1		0	0					1			220000	Tã/B?m			https://vcdn.tikicdn.com/cache/w1200/ts/product/28/9e/de/eb61c3ee5834dceca12174c92615e42a.jpg									0		
429	simple		Tã Qu?n BabyLove DayNightPants Plus L44 (Gói 44 Mi?ng)	1	0	visible					taxable		1		0	0					1			270000	Tã/B?m			https://vcdn.tikicdn.com/cache/w1200/ts/product/97/80/9e/f00757090884f50f65a9f6d96b31248b.jpg									0		
430	simple		Tã Qu?n BabyLove Premium Gold L52 (Gói 52 Mi?ng)	1	0	visible					taxable		1		0	0					1			419000	Tã/B?m			https://vcdn.tikicdn.com/cache/w1200/media/catalog/product/s/0/s030001758.u4939.d20170901.t140803.581929.jpg									0		
431	simple		Tã Dán BabyLove Premium Gold S76 (Gói 76 Mi?ng)	1	0	visible					taxable		1		0	0					1			450000	Tã/B?m			https://vcdn.tikicdn.com/cache/w1200/media/catalog/product/s/0/s030001762.u4939.d20170901.t140645.401664.jpg									0		
432	simple		S?a B?t Meiji Infant Formula (800g)	1	0	visible					taxable		1		0	0					1			490000	Dinh d??ng cho bé			https://vcdn.tikicdn.com/cache/w1200/media/catalog/product/1/_/1.u4939.d20171024.t101421.941627.jpg									0		
433	simple		S?a B?t Meiji Growing Up Formula (800g)	1	0	visible					taxable		1		0	0					1			439000	Dinh d??ng cho bé			https://vcdn.tikicdn.com/cache/w1200/media/catalog/product/1/_/1.u4939.d20171024.t104512.15481.jpg									0		
434	simple		S?a Meiji Ezcube Infant Formula D?ng Viên (432g)	1	0	visible					taxable		1		0	0					1			338000	Dinh d??ng cho bé			https://vcdn.tikicdn.com/cache/w1200/media/catalog/product/0/_/0.u4939.d20171024.t100035.133667.jpg									0		
435	simple		S?a B?t Meiji N?i ??a S? 9 (800g)	1	0	visible					taxable		1		0	0					1			419000	Dinh d??ng cho bé			https://vcdn.tikicdn.com/cache/w1200/ts/product/83/5c/fe/adbaccf50498a97b81f27ac2b0153e6b.jpg									0		
436	simple		Dinh D??ng ?óng H?p Th?t Bê Mì S?i Cà Chua HiPP 220g - 6833	1	0	visible					taxable		1		0	0					1			52000	Dinh d??ng cho bé			https://vcdn.tikicdn.com/cache/w1200/ts/product/b8/fe/9c/12481a3ac48180c387862be944c5d3a5.jpg									0		
437	simple		B?t Dinh D??ng S?a Ki?u M?ch HiPP 250g - 2917	1	0	visible					taxable		1		0	0					1			115000	Dinh d??ng cho bé			https://vcdn.tikicdn.com/cache/w1200/ts/product/08/6a/37/d719b6da52c1d0ae1132b08c11cb1bd1.jpg									0		
438	simple		S?a Công Th?c HiPP 1 Combiotic Organic (350g)	1	0	visible					taxable		1		0	0					1			249000	Dinh d??ng cho bé			https://vcdn.tikicdn.com/cache/w1200/ts/product/c9/aa/d7/7a09be57db0980a471841a0cd7682cfa.jpg									0		
439	simple		"Trà C?m Hòa Tan Hoa Qu?, Hoa Dâm B?t V?i Isomaltulose HiPP 3667 (200g)"	1	0	visible					taxable		1		0	0					1			166000	Dinh d??ng cho bé			https://vcdn.tikicdn.com/cache/w1200/ts/product/42/2e/9a/dcad240d268251411efb0fd454652783.jpg									0		
440	simple		B?t ?n D?m Nestlé Cerelac - G?o S?a Dinh D??ng (200g)	1	0	visible					taxable		1		0	0					1			53000	Dinh d??ng cho bé			https://vcdn.tikicdn.com/cache/w1200/ts/product/4f/86/b7/c97251ccec31ee890e5a0fe11efca298.jpg									0		
441	simple		Bánh ?n D?m Nestlé CERELAC Nutripuffs V? Chu?i Dâu - Gói 50g	1	0	visible					taxable		1		0	0					1			45000	Dinh d??ng cho bé			https://vcdn.tikicdn.com/cache/w1200/ts/product/81/64/32/dfaaf044046e2b3daa44e14f75beee01.jpg									0		
442	simple		B?t ?n D?m Nestle Cerelac - Gà H?m Cà R?t (200g)	1	0	visible					taxable		1		0	0					1			65000	Dinh d??ng cho bé			https://vcdn.tikicdn.com/cache/w1200/ts/product/8b/8c/68/b5f703a583e96d238e17717029ab515c.jpg									0		
443	simple		B?t ?n D?m Nestle Cerelac - Rau Xanh Và Bí ?? (200g)	1	0	visible					taxable		1		0	0					1			58000	Dinh d??ng cho bé			https://vcdn.tikicdn.com/cache/w1200/ts/product/e5/26/3f/b56e95d2a48879d02fa077deaeaf0fde.jpg									0		
444	simple		B?t ?n D?m Nestle Cerelac - Cá Và Rau Xanh (200g)	1	0	visible					taxable		1		0	0					1			68000	Dinh d??ng cho bé			https://vcdn.tikicdn.com/cache/w1200/ts/product/fe/80/2e/218d09788f39db6d2938e3775134f56b.jpg									0		
445	simple		S?a Enfagrow A + 4 360° Brain DHA+ MFGM PRO H??ng Vanilla (900g)	1	0	visible					taxable		1		0	0					1			459000	Dinh d??ng cho bé			https://vcdn.tikicdn.com/cache/w1200/media/catalog/product/1/_/1.u5429.d20170724.t110804.75242.jpg									0		
446	simple		S?a B?t Mead Johnson Enfamama A+ Chocolate MAC906F (900g)	1	0	visible					taxable		1		0	0					1			469000	Dinh d??ng cho bé			https://vcdn.tikicdn.com/cache/w1200/ts/product/14/dd/23/7813c5d8c5086752883c4d66f66fac68.jpg									0		
447	simple		L?c 3 H?p S?a Enfamil A+4 360 Brain Plus Vanilla (180ml/H?p)	1	0	visible					taxable		1		0	0					1			54000	Dinh d??ng cho bé			https://vcdn.tikicdn.com/cache/w1200/ts/product/a2/d2/cf/56b41e6020736591f9e76dadd68848bc.jpg									0		
448	simple		S?a Enfagrow A + 3 360° Brain DHA+ MFGM PRO H??ng Vanilla (1800g)	1	0	visible					taxable		1		0	0					1			930000	Dinh d??ng cho bé			https://vcdn.tikicdn.com/cache/w1200/media/catalog/product/1/_/1.u5429.d20170724.t110002.688485.jpg									0		
449	simple		Bánh ?n D?m Gerber V? Dâu Táo (42g)	1	0	visible					taxable		1		0	0					1			68000	Dinh d??ng cho bé			https://vcdn.tikicdn.com/cache/w1200/ts/product/9d/7a/97/9413be1da60188960c7b763af63794e1.jpg									0		
450	simple		Bánh ?n D?m Gerber V? Vi?t Qu?t (42g)	1	0	visible					taxable		1		0	0					1			68000	Dinh d??ng cho bé			https://vcdn.tikicdn.com/cache/w1200/ts/product/e4/fb/d7/cb0ec5fc7a2377a253c92ef8e16007a4.jpg									0		
451	simple		S?n Ph?m Dinh D??ng Nestle Nutren Junior (800g)	1	0	visible					taxable		1		0	0					1			530000	Dinh d??ng cho bé			https://vcdn.tikicdn.com/cache/w1200/ts/product/1c/05/00/a66be6a0e5df00ffa8e7c719a5443a3e.jpg									0		
452	simple		CRM - S?n Ph?m Dinh D??ng Nestle Peptamen (400g)	1	0	visible					taxable		1		0	0					1			480000	Dinh d??ng cho bé			https://vcdn.tikicdn.com/cache/w1200/ts/product/ef/1c/df/e1328d068243f0336acca10871b5bbc7.jpg									0		
453	simple		S?n Ph?m Dinh D??ng Nestle Nutren Diabetes (400g)	1	0	visible					taxable		1		0	0					1			320000	Dinh d??ng cho bé			https://vcdn.tikicdn.com/cache/w1200/ts/product/10/c7/24/c3e0c70c2641fe3b6c8b5cb7f74a3a70.jpg									0		
454	simple		S?n Ph?m Dinh D??ng Nestle Nutren Optimum (400g)	1	0	visible					taxable		1		0	0					1			310000	Dinh d??ng cho bé			https://vcdn.tikicdn.com/cache/w1200/media/catalog/product/1/_/1.u2409.d20170529.t091342.274244.jpg									0		
455	simple		S?a B?t Abbott Grow School G-Power Vanilla GSGM Dành Cho Tr? T? 6 Tu?i Tr? Lên (900g)	1	0	visible					taxable		1		0	0					1			373000	Dinh d??ng cho bé			https://vcdn.tikicdn.com/cache/w1200/ts/product/07/f9/23/4d0af96a9cd2538120978ae76e7300cf.jpg									0		
456	simple		S?a B?t Abbott Grow 1 AG1M (900g)	1	0	visible					taxable		1		0	0					1			311000	Dinh d??ng cho bé			https://vcdn.tikicdn.com/cache/w1200/media/catalog/product/5/0/5099864008883_1.u2442.d20160707.t164237.jpg									0		
457	simple		L?c 4 H?p S?a Công Th?c Pha S?n Abbott Grow Gold H??ng Vani (180ml)	1	0	visible					taxable		1		0	0					1			58000	Dinh d??ng cho bé			https://vcdn.tikicdn.com/cache/w1200/media/catalog/product/5/0/5099864008654_2-u2442-d20160718-t095110.u3075.d20170223.t115305.541904.jpg									0		
458	simple		S?a B?t Abbott Grow 4 DHA AW4M Dành Cho Tr? 2 Tu?i Tr? Lên (900g)	1	0	visible					taxable		1		0	0					1			298000	Dinh d??ng cho bé			https://vcdn.tikicdn.com/cache/w1200/ts/product/33/93/5c/4a346cc0934f348e27a22dc1278aa3f6.jpg									0		
459	simple		S?a B?t Abbott Grow G-Power Vanilla GGL Dành Cho Tr? T? 3 - 6 Tu?i (1700g)	1	0	visible					taxable		1		0	0					1			623000	Dinh d??ng cho bé			https://vcdn.tikicdn.com/cache/w1200/ts/product/6f/b9/d7/977fc1e766c309ecb4ad1aa40773095c.jpg									0		
460	simple		S?a B?t Abbott Similac Eye-Q4 (1.7kg)	1	0	visible					taxable		1		0	0					1			661000	Dinh d??ng cho bé			https://vcdn.tikicdn.com/cache/w1200/ts/product/73/aa/6b/2f1fa3207c1ee8268f5f6633e79d098d.jpg									0		
461	simple		S?a B?t Abbott Similac IQ4 (900g)	1	0	visible					taxable		1		0	0					1			419000	Dinh d??ng cho bé			https://vcdn.tikicdn.com/cache/w1200/ts/product/b9/76/11/40861b3f9d3bc1bfbc93d2287e41465a.jpg									0		
462	simple		L?c 4 H?p S?a Công Th?c Pha S?n Abbott Similac Eye-Q4 (180ml / H?p)	1	0	visible					taxable		1		0	0					1			68000	Dinh d??ng cho bé			https://vcdn.tikicdn.com/cache/w1200/ts/product/4e/7f/38/34babf11086ede094f65040c6ed967b4.jpg									0		
463	simple		B?t ?n D?m Mabu (400g)	1	0	visible					taxable		1		0	0					1			69000	Dinh d??ng cho bé			https://vcdn.tikicdn.com/cache/w1200/media/catalog/product/b/o/bot400_1.u5430.d20170814.t183003.105995.jpg									0		
464	simple		B?t ?n D?m Mabu (900g)	1	0	visible					taxable		1		0	0					1			139000	Dinh d??ng cho bé			https://vcdn.tikicdn.com/cache/w1200/media/catalog/product/b/o/bot900_1.u5430.d20170815.t084157.833072.jpg									0		
465	simple		Cháo ?n D?m Mabu H?t V? (400g)	1	0	visible					taxable		1		0	0					1			69000	Dinh d??ng cho bé			https://vcdn.tikicdn.com/cache/w1200/media/catalog/product/c/h/chaoso1_400_0.u5430.d20170815.t090518.246220.jpg									0		
466	simple		Cháo ?n D?m Mabu H?t V? (900g)	1	0	visible					taxable		1		0	0					1			139000	Dinh d??ng cho bé			https://vcdn.tikicdn.com/cache/w1200/media/catalog/product/c/h/chaoso1_900_1.u5430.d20170815.t091635.469852.jpg									0		
467	simple		Cháo ?n D?m Mabu Nguyên H?t (400g)	1	0	visible					taxable		1		0	0					1			69000	Dinh d??ng cho bé			https://vcdn.tikicdn.com/cache/w1200/media/catalog/product/c/h/chaoso2_400_2_2.u5430.d20170815.t093044.347941.jpg									0		
468	simple		Bánh Qui Dành Cho Tr? Biscotti Heinz V? Sô-Cô-La (60g x 12 Gói)	1	0	visible					taxable		1		0	0					1			464000	Dinh d??ng cho bé			https://vcdn.tikicdn.com/cache/w1200/media/catalog/product/1/b/1biscottichocolate.u2442.d20160520.t115100.jpg									0		
469	simple		Bánh Qui Dành Cho Tr? Em Farley Heinz V? Chu?i 120g	1	0	visible					taxable		1		0	0					1			40000	Dinh d??ng cho bé			https://vcdn.tikicdn.com/cache/w1200/media/catalog/product/f/a/farbey-banana.u2442.d20160520.t112746.jpg									0		
470	simple		B?t ?n D?m V? M? Ý Rau C? Phô Mai Heinz (100g)	1	0	visible					taxable		1		0	0					1			95000	Dinh d??ng cho bé			https://vcdn.tikicdn.com/cache/w1200/media/catalog/product/0/2/0288717_l.jpg									0		
471	simple		B?t ?n D?m Ng? C?c Trái Cây Mùa Hè Heinz (120g)	1	0	visible					taxable		1		0	0					1			95000	Dinh d??ng cho bé			https://vcdn.tikicdn.com/cache/w1200/media/catalog/product/1/4/1434958423_heinz.jpg									0		
472	simple		B?t ?n D?m Ng? C?c Y?n M?ch Và Táo Heinz (125g)	1	0	visible					taxable		1		0	0					1			95000	Dinh d??ng cho bé			https://vcdn.tikicdn.com/cache/w1200/media/catalog/product/1/4/1434957764_heinz_1.jpg									0		
473	simple		B? Bát ??a T?p ?n Mini Pigeon	1	0	visible					taxable		1		0	0					1			143000	?? dùng cho bé			https://vcdn.tikicdn.com/cache/w1200/media/catalog/product/b/a/bat_dia_tap_n_mini.jpg									0		
474	simple		Bình S?a Nh?a PPSU PLUS Pigeon (240ml)	1	0	visible					taxable		1		0	0					1			313000	?? dùng cho bé			https://vcdn.tikicdn.com/cache/w1200/media/catalog/product/1/_/1.u5618.d20170914.t105931.141513.jpg									0		
475	simple		S?a D??ng ?m New Born Pure Pigeon MP10005 (200ml)	1	0	visible					taxable		1		0	0					1			290000	?? dùng cho bé			https://vcdn.tikicdn.com/cache/w1200/media/catalog/product/1/_/1.u5697.d20170913.t151319.366440.jpg									0		
476	simple		Bình S?a Nh?a PPSU PLUS Pigeon (160ml)	1	0	visible					taxable		1		0	0					1			284000	?? dùng cho bé			https://vcdn.tikicdn.com/cache/w1200/media/catalog/product/1/_/1.u5618.d20170914.t105207.954957.jpg									0		
477	simple		Ph?n Ng?a Rôm S?y Pigeon 200g	1	0	visible					taxable		1		0	0					1			58000	?? dùng cho bé			https://vcdn.tikicdn.com/cache/w1200/media/catalog/product/1/4/147133423777.u2566.d20170510.t144638.962327.jpg									0		
478	simple		Núm Ty Silicone Siêu M?m Plus Pigeon (Size S)	1	0	visible					taxable		1		0	0					1			156000	?? dùng cho bé			https://vcdn.tikicdn.com/cache/w1200/media/catalog/product/1/_/1.u5618.d20170914.t115011.102555.jpg									0		
479	simple		Dung D?ch Gi?t Qu?n Áo Cho Bé D-Nee - Chai 3000ml (Xanh)	1	0	visible					taxable		1		0	0					1			165000	?? dùng cho bé			https://vcdn.tikicdn.com/cache/w1200/ts/product/37/0b/bc/bae97558783dae8f73219112f4256abc.jpg									0		
480	simple		Dung D?ch Gi?t Qu?n Áo Cho Bé D-Nee - Chai 3000ml (Tím)	1	0	visible					taxable		1		0	0					1			165000	?? dùng cho bé			https://vcdn.tikicdn.com/cache/w1200/ts/product/a1/89/70/5e818a2a8a3e3696073f46df6a449bbe.jpg									0		
481	simple		N??c R?a Bình S?a D-nee - Chai 500ml	1	0	visible					taxable		1		0	0					1			72000	?? dùng cho bé			https://vcdn.tikicdn.com/cache/w1200/media/catalog/product/8/8/8851989060248_1.u2442.d20160912.t114818.95968.jpg									0		
482	simple		Dung D?ch T?m G?i Toàn Thân Cho Bé D??i 3 Tu?i D-nee - Chai 200ml (Xanh Lá)	1	0	visible					taxable		1		0	0					1			48000	?? dùng cho bé			https://vcdn.tikicdn.com/cache/w1200/media/catalog/product/8/8/8851989060378_1.u2442.d20160912.t135128.762214_1.jpg									0		
483	simple		Bình Bóp Th?c ?n Ch?ng Hóc Kidsme 160378OY - Cam Vàng	1	0	visible					taxable		1		0	0					1			373000	?? dùng cho bé			https://vcdn.tikicdn.com/cache/w1200/media/catalog/product/6/1/61zyd9x7qcl._sl1500_.jpg									0		
484	simple		H?p Chia S?a 3 Ng?n Kidsme 160150	1	0	visible					taxable		1		0	0					1			158000	?? dùng cho bé			https://vcdn.tikicdn.com/cache/w1200/media/catalog/product/1/6/160150-2.jpg									0		
485	simple		Túi Nhai Ch?ng Hóc Plus Kidsme 160361LI (Size XL) – Xanh Lá	1	0	visible					taxable		1		0	0					1			308000	?? dùng cho bé			https://vcdn.tikicdn.com/cache/w1200/media/catalog/product/1/6/160361%20-2.u2442.d20160422.t173824.jpg									0		
486	simple		Kéo C?t Th?c ?n Kidsme	1	0	visible					taxable		1		0	0					1			214000	?? dùng cho bé			https://vcdn.tikicdn.com/cache/w1200/media/catalog/product/m/_/m_u_t_m-1_3.jpg									0		
487	simple		B? L??c Cho Bé Kidsme 130078 – Vàng	1	0	visible					taxable		1		0	0					1			139000	?? dùng cho bé			https://vcdn.tikicdn.com/cache/w1200/media/catalog/product/b/o/bo-luoc-lam-dep-cho-be-kidsme%20(1).u2442.d20160424.t014004.jpg									0		
488	simple		Bình Bóp Th?c ?n Ch?ng Hóc Kidsme 160378LI - Cam Xanh	1	0	visible					taxable		1		0	0					1			373000	?? dùng cho bé			https://vcdn.tikicdn.com/cache/w1200/media/catalog/product/1/6/160378li.u2442.d20160510.t102104.jpg									0		
489	simple		Thìa C?m ?ng Nhi?t Silicone Upass UP3021N (Xanh)	1	0	visible					taxable		1		0	0					1			43000	?? dùng cho bé			https://vcdn.tikicdn.com/cache/w1200/ts/product/e9/2d/e8/099ce0b3f5cfa11bfa301a8be0245410.jpg									0		
490	simple		Thìa ?n D?m Silicone Upass UP3017N (Xanh)	1	0	visible					taxable		1		0	0					1			36000	?? dùng cho bé			https://vcdn.tikicdn.com/cache/w1200/ts/product/15/53/ed/3e39d9a9c4fb77c3d096608ef3adfcef.jpg									0		
491	simple		Thìa ?n D?m Silicone Upass UP3017N (Xanh Lá)	1	0	visible					taxable		1		0	0					1			36000	?? dùng cho bé			https://vcdn.tikicdn.com/cache/w1200/ts/product/9d/0d/8e/f9801eceda8e7801bbcdf41a82cfc3b5.jpg									0		
492	simple		Bình U?ng N??c Có ?ng Hút Upass UP0090N (Xanh)	1	0	visible					taxable		1		0	0					1			72000	?? dùng cho bé			https://vcdn.tikicdn.com/cache/w1200/ts/product/f4/35/e7/897d5122ffc9c304d108e686baed956f.jpg									0		
493	simple		B? D?ng C? Ch?m Sóc Móng Tay Cho Bé Upass UP4007N - Xanh	1	0	visible					taxable		1		0	0					1			49000	?? dùng cho bé			https://vcdn.tikicdn.com/cache/w1200/ts/product/d7/70/3c/af0447ed151ce2907f3ddada3cc69739.jpg									0		
494	simple		Hút M?i Dây Cao C?p Cho Bé Upass UP1008CX - Xanh	1	0	visible					taxable		1		0	0					1			76000	?? dùng cho bé			https://vcdn.tikicdn.com/cache/w1200/media/catalog/product/1/0/1008cb-4.u2442.d20160510.t141938.jpg									0		
495	simple		Nhi?t K? ?o Nhi?t ?? N??c T?m Upass UP4009NX (Xanh)	1	0	visible					taxable		1		0	0					1			51000	?? dùng cho bé			https://vcdn.tikicdn.com/cache/w1200/ts/product/d8/e1/dd/e35ae0a0509f8ae222c19a21ba8cd283.jpg									0		
496	simple		Kh?n ??t Bobby Không Mùi (100 Mi?ng)	1	0	visible					taxable		1		0	0					1			34000	?? dùng cho bé			https://vcdn.tikicdn.com/cache/w1200/ts/product/f4/c4/22/a720a951390f23e118aecebf4d47b486.jpg									0		
497	simple		Kh?n ??t Bobby Gói B? Sung (80 Mi?ng)	1	0	visible					taxable		1		0	0					1			32000	?? dùng cho bé			https://vcdn.tikicdn.com/cache/w1200/ts/product/b4/ec/5a/cf0e2c1112ed904c70f7d15571d489c3.jpg									0		
498	simple		Kh?n ??t Bobby N?p Nh?a (100 Mi?ng)	1	0	visible					taxable		1		0	0					1			37000	?? dùng cho bé			https://vcdn.tikicdn.com/cache/w1200/ts/product/c4/4b/51/4ebf9040c8f7a604f13c62c45d5ad475.jpg									0		
499	simple		Núm Ty Farlin Vô Trùng Dùng Cho Bình C? R?ng P-3S (S)	1	0	visible					taxable		1		0	0					1			104000	?? dùng cho bé			https://vcdn.tikicdn.com/cache/w1200/media/catalog/product/p/-/p-3_1_2.jpg									0		
500	simple		M? Ch?n N??c Khi G?i ??u Cho Bé Farlin - BF-304 (Giao Màu Ng?u Nhiên)	1	0	visible					taxable		1		0	0					1			86000	?? dùng cho bé			https://vcdn.tikicdn.com/cache/w1200/ts/product/5a/e3/b6/5b3f05401bf6458689ce7369f7ad4cc7.jpg									0		
501	simple		B? Kéo C?t Tóc An Toàn Farlin - BF-153	1	0	visible					taxable		1		0	0					1			428000	?? dùng cho bé			https://vcdn.tikicdn.com/cache/w1200/media/catalog/product/b/f/bf-153.jpg									0		
